{"stats":{"minecraft:killed_by":{"minecraft:spider":1},"minecraft:custom":{"minecraft:time_since_rest":8747,"minecraft:deaths":1,"minecraft:sprint_one_cm":8506,"minecraft:play_time":10782,"minecraft:damage_taken":240,"minecraft:walk_one_cm":7286,"minecraft:jump":49,"minecraft:damage_dealt":12,"minecraft:leave_game":2,"minecraft:time_since_death":3189,"minecraft:total_world_time":10782,"minecraft:interact_with_crafting_table":1,"minecraft:fall_one_cm":836,"minecraft:fly_one_cm":10751},"minecraft:used":{"minecraft:oak_log":1,"minecraft:crafting_table":1,"minecraft:wooden_pickaxe":2},"minecraft:mined":{"minecraft:short_grass":4,"minecraft:acacia_log":4,"minecraft:oak_log":7,"minecraft:acacia_leaves":1,"minecraft:stone":2,"minecraft:oak_leaves":42,"minecraft:crafting_table":1},"minecraft:crafted":{"minecraft:oak_planks":12,"minecraft:stick":4,"minecraft:wooden_pickaxe":2},"minecraft:picked_up":{"minecraft:crafting_table":1,"minecraft:acacia_log":4,"minecraft:oak_log":7,"minecraft:oak_sapling":1,"minecraft:acacia_sapling":1,"minecraft:cobblestone":2}},"DataVersion":3953}