{"stats":{"minecraft:killed":{"minecraft:zombie":1},"minecraft:killed_by":{"minecraft:spider":1,"minecraft:zombie":1},"minecraft:custom":{"minecraft:jump":128,"minecraft:time_since_rest":1723,"minecraft:damage_taken":490,"minecraft:damage_dealt":198,"minecraft:crouch_one_cm":423,"minecraft:leave_game":3,"minecraft:sprint_one_cm":11205,"minecraft:play_time":9626,"minecraft:walk_one_cm":5338,"minecraft:time_since_death":407,"minecraft:deaths":2,"minecraft:sneak_time":122,"minecraft:total_world_time":9626,"minecraft:mob_kills":1,"minecraft:fall_one_cm":2417,"minecraft:fly_one_cm":28673},"minecraft:used":{"minecraft:acacia_sapling":3},"minecraft:mined":{"minecraft:short_grass":2},"minecraft:picked_up":{"minecraft:stick":1,"minecraft:acacia_sapling":3}},"DataVersion":3953}