{"stats":{"minecraft:killed_by":{"minecraft:spider":1},"minecraft:custom":{"minecraft:jump":17,"minecraft:time_since_rest":5171,"minecraft:damage_dealt":12,"minecraft:leave_game":1,"minecraft:deaths":1,"minecraft:sprint_one_cm":4089,"minecraft:play_time":7206,"minecraft:damage_taken":240,"minecraft:time_since_death":0,"minecraft:walk_one_cm":3065,"minecraft:total_world_time":7206,"minecraft:fly_one_cm":2646},"minecraft:picked_up":{"minecraft:acacia_sapling":1,"minecraft:acacia_log":4},"minecraft:mined":{"minecraft:short_grass":1,"minecraft:acacia_log":4,"minecraft:acacia_leaves":1}},"DataVersion":3953}