{"stats":{"minecraft:mined":{"minecraft:acacia_log":8,"minecraft:crafting_table":1},"minecraft:used":{"minecraft:wooden_axe":5,"minecraft:crafting_table":1},"minecraft:custom":{"minecraft:jump":38,"minecraft:time_since_rest":1744,"minecraft:leave_game":1,"minecraft:sprint_one_cm":3079,"minecraft:play_time":1744,"minecraft:time_since_death":1744,"minecraft:walk_one_cm":1957,"minecraft:sneak_time":7,"minecraft:total_world_time":1744,"minecraft:fall_one_cm":838,"minecraft:interact_with_crafting_table":1,"minecraft:fly_one_cm":12136},"minecraft:crafted":{"minecraft:crafting_table":1,"minecraft:stick":4,"minecraft:wooden_axe":1,"minecraft:acacia_planks":16},"minecraft:picked_up":{"minecraft:crafting_table":1,"minecraft:acacia_log":8}},"DataVersion":3953}