{"stats":{"minecraft:killed_by":{"minecraft:drowned":1,"minecraft:spider":2},"minecraft:custom":{"minecraft:time_since_rest":11898,"minecraft:sprint_one_cm":60045,"minecraft:damage_taken":777,"minecraft:walk_one_cm":19933,"minecraft:mob_kills":5,"minecraft:drop":9,"minecraft:damage_dealt":857,"minecraft:swim_one_cm":3489,"minecraft:interact_with_crafting_table":1,"minecraft:fly_one_cm":222796,"minecraft:crouch_one_cm":2750,"minecraft:play_time":35293,"minecraft:deaths":3,"minecraft:sneak_time":765,"minecraft:walk_under_water_one_cm":198,"minecraft:jump":501,"minecraft:leave_game":2,"minecraft:walk_on_water_one_cm":89,"minecraft:time_since_death":28933,"minecraft:sleep_in_bed":1,"minecraft:total_world_time":35293,"minecraft:fall_one_cm":3669},"minecraft:picked_up":{"minecraft:stick":9,"minecraft:cooked_porkchop":1,"minecraft:acacia_log":4,"minecraft:sand":8,"minecraft:gunpowder":2,"minecraft:string":21,"minecraft:spider_eye":1,"minecraft:dirt":42,"minecraft:dark_oak_planks":10,"minecraft:rotten_flesh":2,"minecraft:acacia_sapling":2,"minecraft:cobblestone":3},"minecraft:used":{"minecraft:leather_leggings":1,"minecraft:leather_helmet":1,"minecraft:wooden_pickaxe":3,"minecraft:leather_chestplate":1,"minecraft:leather_boots":1,"minecraft:stone_axe":28,"minecraft:wooden_sword":21,"minecraft:red_bed":1,"minecraft:cooked_porkchop":1,"minecraft:cobweb":4},"minecraft:killed":{"minecraft:armadillo":1,"minecraft:cave_spider":1,"minecraft:spider":1,"minecraft:drowned":1,"minecraft:creeper":1},"minecraft:dropped":{"minecraft:stone_axe":1,"minecraft:leather_chestplate":1,"minecraft:red_bed":1,"minecraft:shield":1,"minecraft:cooked_porkchop":65,"minecraft:leather_boots":1,"minecraft:leather_leggings":1,"minecraft:leather_helmet":1},"minecraft:crafted":{"minecraft:wooden_sword":1,"minecraft:stick":4},"minecraft:mined":{"minecraft:dark_oak_planks":10,"minecraft:short_grass":2,"minecraft:dead_bush":11,"minecraft:cobweb":21,"minecraft:stone":3}},"DataVersion":3953}