{"stats":{"minecraft:custom":{"minecraft:time_since_rest":12205,"minecraft:sprint_one_cm":33509,"minecraft:damage_taken":60,"minecraft:walk_one_cm":40301,"minecraft:damage_blocked_by_shield":344,"minecraft:mob_kills":4,"minecraft:damage_dealt":341,"minecraft:swim_one_cm":3388,"minecraft:interact_with_crafting_table":5,"minecraft:fly_one_cm":21107,"minecraft:crouch_one_cm":942,"minecraft:play_time":17563,"minecraft:sneak_time":1795,"minecraft:walk_under_water_one_cm":84,"minecraft:jump":148,"minecraft:leave_game":1,"minecraft:walk_on_water_one_cm":173,"minecraft:time_since_death":17563,"minecraft:sleep_in_bed":2,"minecraft:total_world_time":17563,"minecraft:fall_one_cm":4763},"minecraft:picked_up":{"minecraft:leather_chestplate":1,"minecraft:cooked_porkchop":64,"minecraft:chest_minecart":1,"minecraft:leather_leggings":1,"minecraft:torch":11,"minecraft:acacia_log":8,"minecraft:sand":16,"minecraft:oak_log":2,"minecraft:shield":1,"minecraft:dirt":12,"minecraft:leather_helmet":1,"minecraft:red_bed":4,"minecraft:dark_oak_planks":2,"minecraft:leather_boots":1,"minecraft:stone_axe":1,"minecraft:mutton":6,"minecraft:coal":20,"minecraft:acacia_sapling":1,"minecraft:rail":3,"minecraft:white_wool":4,"minecraft:cobblestone":14},"minecraft:used":{"minecraft:wooden_axe":5,"minecraft:stone_pickaxe":33,"minecraft:oak_planks":1,"minecraft:wooden_pickaxe":4,"minecraft:shield":6,"minecraft:torch":14,"minecraft:stone_axe":11,"minecraft:crafting_table":3,"minecraft:red_bed":3},"minecraft:killed":{"minecraft:sheep":4},"minecraft:crafted":{"minecraft:wooden_sword":1,"minecraft:oak_planks":8,"minecraft:crafting_table":3,"minecraft:stick":16,"minecraft:wooden_pickaxe":1,"minecraft:stone_pickaxe":1,"minecraft:wooden_axe":1,"minecraft:acacia_planks":32,"minecraft:torch":36},"minecraft:mined":{"minecraft:acacia_leaves":3,"minecraft:red_bed":3,"minecraft:torch":9,"minecraft:short_grass":1,"minecraft:acacia_log":8,"minecraft:coal_ore":20,"minecraft:oak_log":2,"minecraft:stone":17,"minecraft:wall_torch":2}},"DataVersion":3953}